Cluster,Staff Number,Rank,Supervisor ID,Coordinator ID,FKGL,FRE,GFI,CLI,Completion_Rate,Assessment_Scores,VTRAC_Usage(hrs)
0,0.6440982981834059,0.049079291765951806,0.6440982981834059,0.6440982981834059,-0.1286507673777927,0.13654211667624835,-0.14341227707981188,-0.047993572781668464,-0.01884737050972963,-0.004689499108799954,0.00478042592666808
1,-1.012019672281159,-0.08217523118255074,-1.012019672281159,-1.012019672281159,-0.09097231453880485,0.10324014727899283,-0.12063132530230174,-0.04063445371187407,0.02741578840373516,0.004574881337549235,-0.0022361682532689624
2,-0.1829002816347638,0.03609042482964173,-0.1829002816347638,-0.1829002816347638,2.9339410050524224,-3.1800145578354218,3.460581894571378,1.1607153967282569,0.02707493806535163,0.028943986426824882,-0.053500281614725406
